Model,Value
CABLE-POP,0.0139588
CLASSIC,0.0245635
CLM5.0,0.0130042
E3SM,0.0189616
EDv3,0.0112428
IBIS,0.011567
ISAM,0.00374331
JSBACH,0.0424772
JULES,0.0372049
LPJ-GUESS,0.013103
LPJmL,0.0146236
LPJwsl,0.0182725
LPX-Bern,0.0248984
OCN,0.0174055
ORCHIDEE,0.0137438
SDGVM,0.0222337
VISIT,0.0181921
