Model,Value
CABLE-POP,0.00637832
CLASSIC,0.0177025
CLM5.0,0.00463655
E3SM,0.0234383
EDv3,0.00227262
IBIS,0.00669465
ISAM,0.00277826
JSBACH,0.00649056
JULES,0.00881155
LPJ-GUESS,7.93706e-5
LPJmL,5.95376e-5
LPJwsl,0.00931433
LPX-Bern,0.00839849
OCN,0.00374171
ORCHIDEE,0.00335454
VISIT,0.00783839
SDGVM,0.01029559995341309
